Fold,Model,Accuracy,Method,K
0,SVM,0.8288,Univeriate,1
0,guass_nb,0.8328,Univeriate,1
1,SVM,0.8328,Univeriate,1
1,guass_nb,0.8344,Univeriate,1
2,SVM,0.836,Univeriate,1
2,guass_nb,0.8432,Univeriate,1
3,SVM,0.8416,Univeriate,1
3,guass_nb,0.8464,Univeriate,1
4,SVM,0.8456,Univeriate,1
4,guass_nb,0.8528,Univeriate,1
5,SVM,0.8224,Univeriate,1
5,guass_nb,0.8344,Univeriate,1
6,SVM,0.832,Univeriate,1
6,guass_nb,0.8344,Univeriate,1
7,SVM,0.8424,Univeriate,1
7,guass_nb,0.8504,Univeriate,1
8,SVM,0.8512,Univeriate,1
8,guass_nb,0.8512,Univeriate,1
9,SVM,0.8456,Univeriate,1
9,guass_nb,0.8488,Univeriate,1
10,SVM,0.8552,Univeriate,1
10,guass_nb,0.856,Univeriate,1
11,SVM,0.84,Univeriate,1
11,guass_nb,0.8488,Univeriate,1
12,SVM,0.8512,Univeriate,1
12,guass_nb,0.8488,Univeriate,1
13,SVM,0.8472,Univeriate,1
13,guass_nb,0.8528,Univeriate,1
14,SVM,0.8328,Univeriate,1
14,guass_nb,0.8408,Univeriate,1
15,SVM,0.8376,Univeriate,1
15,guass_nb,0.8496,Univeriate,1
16,SVM,0.8416,Univeriate,1
16,guass_nb,0.852,Univeriate,1
17,SVM,0.8464,Univeriate,1
17,guass_nb,0.8488,Univeriate,1
18,SVM,0.8304,Univeriate,1
18,guass_nb,0.8384,Univeriate,1
19,SVM,0.8392,Univeriate,1
19,guass_nb,0.8408,Univeriate,1
20,SVM,0.8344,Univeriate,1
20,guass_nb,0.8392,Univeriate,1
21,SVM,0.8368,Univeriate,1
21,guass_nb,0.8416,Univeriate,1
22,SVM,0.8392,Univeriate,1
22,guass_nb,0.8488,Univeriate,1
23,SVM,0.828,Univeriate,1
23,guass_nb,0.8408,Univeriate,1
24,SVM,0.8376,Univeriate,1
24,guass_nb,0.8424,Univeriate,1
25,SVM,0.8544,Univeriate,1
25,guass_nb,0.8584,Univeriate,1
26,SVM,0.8424,Univeriate,1
26,guass_nb,0.8456,Univeriate,1
27,SVM,0.8336,Univeriate,1
27,guass_nb,0.8416,Univeriate,1
28,SVM,0.8504,Univeriate,1
28,guass_nb,0.8584,Univeriate,1
29,SVM,0.844,Univeriate,1
29,guass_nb,0.8504,Univeriate,1
30,SVM,0.8416,Univeriate,1
30,guass_nb,0.8456,Univeriate,1
31,SVM,0.8488,Univeriate,1
31,guass_nb,0.8512,Univeriate,1
32,SVM,0.8376,Univeriate,1
32,guass_nb,0.8408,Univeriate,1
33,SVM,0.8352,Univeriate,1
33,guass_nb,0.84,Univeriate,1
34,SVM,0.8464,Univeriate,1
34,guass_nb,0.848,Univeriate,1
35,SVM,0.8312,Univeriate,1
35,guass_nb,0.84,Univeriate,1
36,SVM,0.8528,Univeriate,1
36,guass_nb,0.86,Univeriate,1
37,SVM,0.848,Univeriate,1
37,guass_nb,0.8528,Univeriate,1
38,SVM,0.8432,Univeriate,1
38,guass_nb,0.844,Univeriate,1
39,SVM,0.8304,Univeriate,1
39,guass_nb,0.844,Univeriate,1
40,SVM,0.84,Univeriate,1
40,guass_nb,0.8568,Univeriate,1
41,SVM,0.8512,Univeriate,1
41,guass_nb,0.8624,Univeriate,1
42,SVM,0.8408,Univeriate,1
42,guass_nb,0.852,Univeriate,1
43,SVM,0.8192,Univeriate,1
43,guass_nb,0.8224,Univeriate,1
44,SVM,0.8592,Univeriate,1
44,guass_nb,0.8648,Univeriate,1
45,SVM,0.8424,Univeriate,1
45,guass_nb,0.8464,Univeriate,1
46,SVM,0.8392,Univeriate,1
46,guass_nb,0.8456,Univeriate,1
47,SVM,0.8208,Univeriate,1
47,guass_nb,0.828,Univeriate,1
48,SVM,0.832,Univeriate,1
48,guass_nb,0.8392,Univeriate,1
49,SVM,0.8432,Univeriate,1
49,guass_nb,0.8504,Univeriate,1
0,SVM,0.8584,Univeriate,2
0,guass_nb,0.864,Univeriate,2
1,SVM,0.8776,Univeriate,2
1,guass_nb,0.8712,Univeriate,2
2,SVM,0.8624,Univeriate,2
2,guass_nb,0.8656,Univeriate,2
3,SVM,0.8688,Univeriate,2
3,guass_nb,0.868,Univeriate,2
4,SVM,0.876,Univeriate,2
4,guass_nb,0.8744,Univeriate,2
5,SVM,0.8672,Univeriate,2
5,guass_nb,0.872,Univeriate,2
6,SVM,0.8648,Univeriate,2
6,guass_nb,0.8696,Univeriate,2
7,SVM,0.8552,Univeriate,2
7,guass_nb,0.8592,Univeriate,2
8,SVM,0.8656,Univeriate,2
8,guass_nb,0.8728,Univeriate,2
9,SVM,0.8624,Univeriate,2
9,guass_nb,0.8696,Univeriate,2
10,SVM,0.8504,Univeriate,2
10,guass_nb,0.8592,Univeriate,2
11,SVM,0.8536,Univeriate,2
11,guass_nb,0.86,Univeriate,2
12,SVM,0.864,Univeriate,2
12,guass_nb,0.8704,Univeriate,2
13,SVM,0.8576,Univeriate,2
13,guass_nb,0.864,Univeriate,2
14,SVM,0.8648,Univeriate,2
14,guass_nb,0.8656,Univeriate,2
15,SVM,0.8784,Univeriate,2
15,guass_nb,0.8784,Univeriate,2
16,SVM,0.852,Univeriate,2
16,guass_nb,0.8552,Univeriate,2
17,SVM,0.864,Univeriate,2
17,guass_nb,0.8632,Univeriate,2
18,SVM,0.8568,Univeriate,2
18,guass_nb,0.8632,Univeriate,2
19,SVM,0.8488,Univeriate,2
19,guass_nb,0.8608,Univeriate,2
20,SVM,0.8704,Univeriate,2
20,guass_nb,0.8744,Univeriate,2
21,SVM,0.8776,Univeriate,2
21,guass_nb,0.8808,Univeriate,2
22,SVM,0.864,Univeriate,2
22,guass_nb,0.8664,Univeriate,2
23,SVM,0.8672,Univeriate,2
23,guass_nb,0.8752,Univeriate,2
24,SVM,0.8848,Univeriate,2
24,guass_nb,0.888,Univeriate,2
25,SVM,0.86,Univeriate,2
25,guass_nb,0.8664,Univeriate,2
26,SVM,0.8744,Univeriate,2
26,guass_nb,0.8728,Univeriate,2
27,SVM,0.8568,Univeriate,2
27,guass_nb,0.864,Univeriate,2
28,SVM,0.8672,Univeriate,2
28,guass_nb,0.8704,Univeriate,2
29,SVM,0.856,Univeriate,2
29,guass_nb,0.8616,Univeriate,2
30,SVM,0.8768,Univeriate,2
30,guass_nb,0.8816,Univeriate,2
31,SVM,0.8728,Univeriate,2
31,guass_nb,0.8736,Univeriate,2
32,SVM,0.8712,Univeriate,2
32,guass_nb,0.8712,Univeriate,2
33,SVM,0.8856,Univeriate,2
33,guass_nb,0.8912,Univeriate,2
34,SVM,0.872,Univeriate,2
34,guass_nb,0.8736,Univeriate,2
35,SVM,0.876,Univeriate,2
35,guass_nb,0.8824,Univeriate,2
36,SVM,0.8656,Univeriate,2
36,guass_nb,0.8648,Univeriate,2
37,SVM,0.8696,Univeriate,2
37,guass_nb,0.88,Univeriate,2
38,SVM,0.8584,Univeriate,2
38,guass_nb,0.872,Univeriate,2
39,SVM,0.8632,Univeriate,2
39,guass_nb,0.8728,Univeriate,2
40,SVM,0.8568,Univeriate,2
40,guass_nb,0.8624,Univeriate,2
41,SVM,0.8672,Univeriate,2
41,guass_nb,0.8712,Univeriate,2
42,SVM,0.8664,Univeriate,2
42,guass_nb,0.8712,Univeriate,2
43,SVM,0.8696,Univeriate,2
43,guass_nb,0.8752,Univeriate,2
44,SVM,0.8656,Univeriate,2
44,guass_nb,0.8704,Univeriate,2
45,SVM,0.8752,Univeriate,2
45,guass_nb,0.8784,Univeriate,2
46,SVM,0.8688,Univeriate,2
46,guass_nb,0.8704,Univeriate,2
47,SVM,0.864,Univeriate,2
47,guass_nb,0.8672,Univeriate,2
48,SVM,0.8568,Univeriate,2
48,guass_nb,0.8592,Univeriate,2
49,SVM,0.848,Univeriate,2
49,guass_nb,0.8576,Univeriate,2
0,SVM,0.8744,Univeriate,3
0,guass_nb,0.884,Univeriate,3
1,SVM,0.8944,Univeriate,3
1,guass_nb,0.8968,Univeriate,3
2,SVM,0.8856,Univeriate,3
2,guass_nb,0.8928,Univeriate,3
3,SVM,0.8952,Univeriate,3
3,guass_nb,0.8984,Univeriate,3
4,SVM,0.8808,Univeriate,3
4,guass_nb,0.8928,Univeriate,3
5,SVM,0.8976,Univeriate,3
5,guass_nb,0.8968,Univeriate,3
6,SVM,0.8832,Univeriate,3
6,guass_nb,0.8888,Univeriate,3
7,SVM,0.8848,Univeriate,3
7,guass_nb,0.8848,Univeriate,3
8,SVM,0.8992,Univeriate,3
8,guass_nb,0.908,Univeriate,3
9,SVM,0.892,Univeriate,3
9,guass_nb,0.8904,Univeriate,3
10,SVM,0.8888,Univeriate,3
10,guass_nb,0.8936,Univeriate,3
11,SVM,0.8904,Univeriate,3
11,guass_nb,0.892,Univeriate,3
12,SVM,0.8824,Univeriate,3
12,guass_nb,0.8872,Univeriate,3
13,SVM,0.8928,Univeriate,3
13,guass_nb,0.8992,Univeriate,3
14,SVM,0.8928,Univeriate,3
14,guass_nb,0.9024,Univeriate,3
15,SVM,0.8872,Univeriate,3
15,guass_nb,0.8904,Univeriate,3
16,SVM,0.8888,Univeriate,3
16,guass_nb,0.9008,Univeriate,3
17,SVM,0.8752,Univeriate,3
17,guass_nb,0.8872,Univeriate,3
18,SVM,0.8648,Univeriate,3
18,guass_nb,0.8824,Univeriate,3
19,SVM,0.8904,Univeriate,3
19,guass_nb,0.8936,Univeriate,3
20,SVM,0.8864,Univeriate,3
20,guass_nb,0.8888,Univeriate,3
21,SVM,0.888,Univeriate,3
21,guass_nb,0.8936,Univeriate,3
22,SVM,0.8832,Univeriate,3
22,guass_nb,0.8928,Univeriate,3
23,SVM,0.8848,Univeriate,3
23,guass_nb,0.8872,Univeriate,3
24,SVM,0.8776,Univeriate,3
24,guass_nb,0.8896,Univeriate,3
25,SVM,0.8872,Univeriate,3
25,guass_nb,0.9,Univeriate,3
26,SVM,0.8832,Univeriate,3
26,guass_nb,0.8912,Univeriate,3
27,SVM,0.8752,Univeriate,3
27,guass_nb,0.8792,Univeriate,3
28,SVM,0.8856,Univeriate,3
28,guass_nb,0.8856,Univeriate,3
29,SVM,0.8824,Univeriate,3
29,guass_nb,0.8912,Univeriate,3
30,SVM,0.8816,Univeriate,3
30,guass_nb,0.8928,Univeriate,3
31,SVM,0.8864,Univeriate,3
31,guass_nb,0.8888,Univeriate,3
32,SVM,0.8856,Univeriate,3
32,guass_nb,0.8928,Univeriate,3
33,SVM,0.8984,Univeriate,3
33,guass_nb,0.8968,Univeriate,3
34,SVM,0.8792,Univeriate,3
34,guass_nb,0.8816,Univeriate,3
35,SVM,0.8864,Univeriate,3
35,guass_nb,0.8944,Univeriate,3
36,SVM,0.8816,Univeriate,3
36,guass_nb,0.884,Univeriate,3
37,SVM,0.884,Univeriate,3
37,guass_nb,0.8864,Univeriate,3
38,SVM,0.8944,Univeriate,3
38,guass_nb,0.8904,Univeriate,3
39,SVM,0.8672,Univeriate,3
39,guass_nb,0.8752,Univeriate,3
40,SVM,0.8896,Univeriate,3
40,guass_nb,0.8904,Univeriate,3
41,SVM,0.8808,Univeriate,3
41,guass_nb,0.8848,Univeriate,3
42,SVM,0.8848,Univeriate,3
42,guass_nb,0.8976,Univeriate,3
43,SVM,0.8888,Univeriate,3
43,guass_nb,0.9024,Univeriate,3
44,SVM,0.8904,Univeriate,3
44,guass_nb,0.9024,Univeriate,3
45,SVM,0.8832,Univeriate,3
45,guass_nb,0.8864,Univeriate,3
46,SVM,0.884,Univeriate,3
46,guass_nb,0.8904,Univeriate,3
47,SVM,0.8776,Univeriate,3
47,guass_nb,0.884,Univeriate,3
48,SVM,0.8864,Univeriate,3
48,guass_nb,0.9008,Univeriate,3
49,SVM,0.8808,Univeriate,3
49,guass_nb,0.8872,Univeriate,3
0,SVM,0.928,Univeriate,9
0,guass_nb,0.9168,Univeriate,9
1,SVM,0.9392,Univeriate,9
1,guass_nb,0.9368,Univeriate,9
2,SVM,0.9368,Univeriate,9
2,guass_nb,0.9216,Univeriate,9
3,SVM,0.9192,Univeriate,9
3,guass_nb,0.9128,Univeriate,9
4,SVM,0.9344,Univeriate,9
4,guass_nb,0.9176,Univeriate,9
5,SVM,0.9352,Univeriate,9
5,guass_nb,0.924,Univeriate,9
6,SVM,0.9432,Univeriate,9
6,guass_nb,0.9288,Univeriate,9
7,SVM,0.9424,Univeriate,9
7,guass_nb,0.936,Univeriate,9
8,SVM,0.936,Univeriate,9
8,guass_nb,0.9304,Univeriate,9
9,SVM,0.9416,Univeriate,9
9,guass_nb,0.9376,Univeriate,9
10,SVM,0.9312,Univeriate,9
10,guass_nb,0.9104,Univeriate,9
11,SVM,0.9464,Univeriate,9
11,guass_nb,0.924,Univeriate,9
12,SVM,0.9432,Univeriate,9
12,guass_nb,0.9312,Univeriate,9
13,SVM,0.9288,Univeriate,9
13,guass_nb,0.9168,Univeriate,9
14,SVM,0.944,Univeriate,9
14,guass_nb,0.9432,Univeriate,9
15,SVM,0.9264,Univeriate,9
15,guass_nb,0.9112,Univeriate,9
16,SVM,0.9296,Univeriate,9
16,guass_nb,0.9272,Univeriate,9
17,SVM,0.9416,Univeriate,9
17,guass_nb,0.9224,Univeriate,9
18,SVM,0.9344,Univeriate,9
18,guass_nb,0.9192,Univeriate,9
19,SVM,0.9216,Univeriate,9
19,guass_nb,0.9136,Univeriate,9
20,SVM,0.9288,Univeriate,9
20,guass_nb,0.9184,Univeriate,9
21,SVM,0.9216,Univeriate,9
21,guass_nb,0.92,Univeriate,9
22,SVM,0.9344,Univeriate,9
22,guass_nb,0.9192,Univeriate,9
23,SVM,0.9288,Univeriate,9
23,guass_nb,0.924,Univeriate,9
24,SVM,0.9432,Univeriate,9
24,guass_nb,0.9304,Univeriate,9
25,SVM,0.936,Univeriate,9
25,guass_nb,0.9248,Univeriate,9
26,SVM,0.9424,Univeriate,9
26,guass_nb,0.9288,Univeriate,9
27,SVM,0.9256,Univeriate,9
27,guass_nb,0.9232,Univeriate,9
28,SVM,0.9336,Univeriate,9
28,guass_nb,0.9232,Univeriate,9
29,SVM,0.936,Univeriate,9
29,guass_nb,0.928,Univeriate,9
30,SVM,0.9384,Univeriate,9
30,guass_nb,0.9328,Univeriate,9
31,SVM,0.944,Univeriate,9
31,guass_nb,0.9272,Univeriate,9
32,SVM,0.936,Univeriate,9
32,guass_nb,0.9192,Univeriate,9
33,SVM,0.9336,Univeriate,9
33,guass_nb,0.9304,Univeriate,9
34,SVM,0.936,Univeriate,9
34,guass_nb,0.9104,Univeriate,9
35,SVM,0.944,Univeriate,9
35,guass_nb,0.936,Univeriate,9
36,SVM,0.9336,Univeriate,9
36,guass_nb,0.9176,Univeriate,9
37,SVM,0.9376,Univeriate,9
37,guass_nb,0.9296,Univeriate,9
38,SVM,0.932,Univeriate,9
38,guass_nb,0.9216,Univeriate,9
39,SVM,0.9296,Univeriate,9
39,guass_nb,0.9232,Univeriate,9
40,SVM,0.9384,Univeriate,9
40,guass_nb,0.9296,Univeriate,9
41,SVM,0.9368,Univeriate,9
41,guass_nb,0.9336,Univeriate,9
42,SVM,0.936,Univeriate,9
42,guass_nb,0.928,Univeriate,9
43,SVM,0.9408,Univeriate,9
43,guass_nb,0.928,Univeriate,9
44,SVM,0.9352,Univeriate,9
44,guass_nb,0.9264,Univeriate,9
45,SVM,0.924,Univeriate,9
45,guass_nb,0.916,Univeriate,9
46,SVM,0.9472,Univeriate,9
46,guass_nb,0.9352,Univeriate,9
47,SVM,0.9376,Univeriate,9
47,guass_nb,0.9256,Univeriate,9
48,SVM,0.9416,Univeriate,9
48,guass_nb,0.924,Univeriate,9
49,SVM,0.9432,Univeriate,9
49,guass_nb,0.9296,Univeriate,9
0,SVM,0.848,Feat_imp_score,1
0,guass_nb,0.86,Feat_imp_score,1
1,SVM,0.8464,Feat_imp_score,1
1,guass_nb,0.8512,Feat_imp_score,1
2,SVM,0.8376,Feat_imp_score,1
2,guass_nb,0.8344,Feat_imp_score,1
3,SVM,0.8272,Feat_imp_score,1
3,guass_nb,0.8376,Feat_imp_score,1
4,SVM,0.8504,Feat_imp_score,1
4,guass_nb,0.8496,Feat_imp_score,1
5,SVM,0.8376,Feat_imp_score,1
5,guass_nb,0.8472,Feat_imp_score,1
6,SVM,0.8272,Feat_imp_score,1
6,guass_nb,0.8344,Feat_imp_score,1
7,SVM,0.8464,Feat_imp_score,1
7,guass_nb,0.852,Feat_imp_score,1
8,SVM,0.8344,Feat_imp_score,1
8,guass_nb,0.836,Feat_imp_score,1
9,SVM,0.8504,Feat_imp_score,1
9,guass_nb,0.856,Feat_imp_score,1
10,SVM,0.832,Feat_imp_score,1
10,guass_nb,0.8472,Feat_imp_score,1
11,SVM,0.8296,Feat_imp_score,1
11,guass_nb,0.84,Feat_imp_score,1
12,SVM,0.8408,Feat_imp_score,1
12,guass_nb,0.8472,Feat_imp_score,1
13,SVM,0.8472,Feat_imp_score,1
13,guass_nb,0.8576,Feat_imp_score,1
14,SVM,0.836,Feat_imp_score,1
14,guass_nb,0.8504,Feat_imp_score,1
15,SVM,0.828,Feat_imp_score,1
15,guass_nb,0.8344,Feat_imp_score,1
16,SVM,0.8384,Feat_imp_score,1
16,guass_nb,0.844,Feat_imp_score,1
17,SVM,0.8488,Feat_imp_score,1
17,guass_nb,0.852,Feat_imp_score,1
18,SVM,0.8368,Feat_imp_score,1
18,guass_nb,0.8512,Feat_imp_score,1
19,SVM,0.8392,Feat_imp_score,1
19,guass_nb,0.8456,Feat_imp_score,1
20,SVM,0.84,Feat_imp_score,1
20,guass_nb,0.8456,Feat_imp_score,1
21,SVM,0.8376,Feat_imp_score,1
21,guass_nb,0.8448,Feat_imp_score,1
22,SVM,0.8432,Feat_imp_score,1
22,guass_nb,0.8504,Feat_imp_score,1
23,SVM,0.8384,Feat_imp_score,1
23,guass_nb,0.8464,Feat_imp_score,1
24,SVM,0.832,Feat_imp_score,1
24,guass_nb,0.8384,Feat_imp_score,1
25,SVM,0.8368,Feat_imp_score,1
25,guass_nb,0.8432,Feat_imp_score,1
26,SVM,0.8392,Feat_imp_score,1
26,guass_nb,0.8408,Feat_imp_score,1
27,SVM,0.8536,Feat_imp_score,1
27,guass_nb,0.8608,Feat_imp_score,1
28,SVM,0.8376,Feat_imp_score,1
28,guass_nb,0.8424,Feat_imp_score,1
29,SVM,0.832,Feat_imp_score,1
29,guass_nb,0.836,Feat_imp_score,1
30,SVM,0.8376,Feat_imp_score,1
30,guass_nb,0.8456,Feat_imp_score,1
31,SVM,0.8472,Feat_imp_score,1
31,guass_nb,0.8496,Feat_imp_score,1
32,SVM,0.8304,Feat_imp_score,1
32,guass_nb,0.8368,Feat_imp_score,1
33,SVM,0.8328,Feat_imp_score,1
33,guass_nb,0.8328,Feat_imp_score,1
34,SVM,0.8384,Feat_imp_score,1
34,guass_nb,0.84,Feat_imp_score,1
35,SVM,0.828,Feat_imp_score,1
35,guass_nb,0.8368,Feat_imp_score,1
36,SVM,0.828,Feat_imp_score,1
36,guass_nb,0.8384,Feat_imp_score,1
37,SVM,0.8296,Feat_imp_score,1
37,guass_nb,0.8328,Feat_imp_score,1
38,SVM,0.836,Feat_imp_score,1
38,guass_nb,0.8424,Feat_imp_score,1
39,SVM,0.84,Feat_imp_score,1
39,guass_nb,0.8392,Feat_imp_score,1
40,SVM,0.8408,Feat_imp_score,1
40,guass_nb,0.8464,Feat_imp_score,1
41,SVM,0.84,Feat_imp_score,1
41,guass_nb,0.8448,Feat_imp_score,1
42,SVM,0.84,Feat_imp_score,1
42,guass_nb,0.8488,Feat_imp_score,1
43,SVM,0.84,Feat_imp_score,1
43,guass_nb,0.848,Feat_imp_score,1
44,SVM,0.8392,Feat_imp_score,1
44,guass_nb,0.8352,Feat_imp_score,1
45,SVM,0.8488,Feat_imp_score,1
45,guass_nb,0.852,Feat_imp_score,1
46,SVM,0.8296,Feat_imp_score,1
46,guass_nb,0.8336,Feat_imp_score,1
47,SVM,0.8232,Feat_imp_score,1
47,guass_nb,0.8296,Feat_imp_score,1
48,SVM,0.8416,Feat_imp_score,1
48,guass_nb,0.8392,Feat_imp_score,1
49,SVM,0.8296,Feat_imp_score,1
49,guass_nb,0.8424,Feat_imp_score,1
0,SVM,0.8744,Feat_imp_score,2
0,guass_nb,0.8776,Feat_imp_score,2
1,SVM,0.876,Feat_imp_score,2
1,guass_nb,0.8736,Feat_imp_score,2
2,SVM,0.8656,Feat_imp_score,2
2,guass_nb,0.8664,Feat_imp_score,2
3,SVM,0.872,Feat_imp_score,2
3,guass_nb,0.8808,Feat_imp_score,2
4,SVM,0.872,Feat_imp_score,2
4,guass_nb,0.8728,Feat_imp_score,2
5,SVM,0.8552,Feat_imp_score,2
5,guass_nb,0.8728,Feat_imp_score,2
6,SVM,0.8712,Feat_imp_score,2
6,guass_nb,0.8744,Feat_imp_score,2
7,SVM,0.8736,Feat_imp_score,2
7,guass_nb,0.8768,Feat_imp_score,2
8,SVM,0.8672,Feat_imp_score,2
8,guass_nb,0.8632,Feat_imp_score,2
9,SVM,0.8688,Feat_imp_score,2
9,guass_nb,0.868,Feat_imp_score,2
10,SVM,0.8664,Feat_imp_score,2
10,guass_nb,0.8712,Feat_imp_score,2
11,SVM,0.8776,Feat_imp_score,2
11,guass_nb,0.8792,Feat_imp_score,2
12,SVM,0.864,Feat_imp_score,2
12,guass_nb,0.8672,Feat_imp_score,2
13,SVM,0.8768,Feat_imp_score,2
13,guass_nb,0.8728,Feat_imp_score,2
14,SVM,0.8616,Feat_imp_score,2
14,guass_nb,0.8632,Feat_imp_score,2
15,SVM,0.8744,Feat_imp_score,2
15,guass_nb,0.8816,Feat_imp_score,2
16,SVM,0.8832,Feat_imp_score,2
16,guass_nb,0.8864,Feat_imp_score,2
17,SVM,0.8672,Feat_imp_score,2
17,guass_nb,0.8752,Feat_imp_score,2
18,SVM,0.86,Feat_imp_score,2
18,guass_nb,0.868,Feat_imp_score,2
19,SVM,0.8736,Feat_imp_score,2
19,guass_nb,0.8744,Feat_imp_score,2
20,SVM,0.8864,Feat_imp_score,2
20,guass_nb,0.8872,Feat_imp_score,2
21,SVM,0.8728,Feat_imp_score,2
21,guass_nb,0.872,Feat_imp_score,2
22,SVM,0.8672,Feat_imp_score,2
22,guass_nb,0.8736,Feat_imp_score,2
23,SVM,0.8816,Feat_imp_score,2
23,guass_nb,0.8936,Feat_imp_score,2
24,SVM,0.8544,Feat_imp_score,2
24,guass_nb,0.8656,Feat_imp_score,2
25,SVM,0.8656,Feat_imp_score,2
25,guass_nb,0.8696,Feat_imp_score,2
26,SVM,0.8736,Feat_imp_score,2
26,guass_nb,0.88,Feat_imp_score,2
27,SVM,0.8632,Feat_imp_score,2
27,guass_nb,0.8696,Feat_imp_score,2
28,SVM,0.8632,Feat_imp_score,2
28,guass_nb,0.8672,Feat_imp_score,2
29,SVM,0.8848,Feat_imp_score,2
29,guass_nb,0.8928,Feat_imp_score,2
30,SVM,0.8728,Feat_imp_score,2
30,guass_nb,0.8824,Feat_imp_score,2
31,SVM,0.856,Feat_imp_score,2
31,guass_nb,0.8592,Feat_imp_score,2
32,SVM,0.8792,Feat_imp_score,2
32,guass_nb,0.8856,Feat_imp_score,2
33,SVM,0.8696,Feat_imp_score,2
33,guass_nb,0.8776,Feat_imp_score,2
34,SVM,0.852,Feat_imp_score,2
34,guass_nb,0.8552,Feat_imp_score,2
35,SVM,0.872,Feat_imp_score,2
35,guass_nb,0.8728,Feat_imp_score,2
36,SVM,0.8592,Feat_imp_score,2
36,guass_nb,0.8672,Feat_imp_score,2
37,SVM,0.872,Feat_imp_score,2
37,guass_nb,0.8744,Feat_imp_score,2
38,SVM,0.8736,Feat_imp_score,2
38,guass_nb,0.8752,Feat_imp_score,2
39,SVM,0.868,Feat_imp_score,2
39,guass_nb,0.8752,Feat_imp_score,2
40,SVM,0.8696,Feat_imp_score,2
40,guass_nb,0.8744,Feat_imp_score,2
41,SVM,0.8808,Feat_imp_score,2
41,guass_nb,0.8808,Feat_imp_score,2
42,SVM,0.8648,Feat_imp_score,2
42,guass_nb,0.8776,Feat_imp_score,2
43,SVM,0.8728,Feat_imp_score,2
43,guass_nb,0.8768,Feat_imp_score,2
44,SVM,0.8792,Feat_imp_score,2
44,guass_nb,0.8848,Feat_imp_score,2
45,SVM,0.8672,Feat_imp_score,2
45,guass_nb,0.8664,Feat_imp_score,2
46,SVM,0.8648,Feat_imp_score,2
46,guass_nb,0.8672,Feat_imp_score,2
47,SVM,0.8688,Feat_imp_score,2
47,guass_nb,0.8784,Feat_imp_score,2
48,SVM,0.864,Feat_imp_score,2
48,guass_nb,0.8656,Feat_imp_score,2
49,SVM,0.8576,Feat_imp_score,2
49,guass_nb,0.8584,Feat_imp_score,2
0,SVM,0.8952,Feat_imp_score,3
0,guass_nb,0.9024,Feat_imp_score,3
1,SVM,0.8808,Feat_imp_score,3
1,guass_nb,0.8864,Feat_imp_score,3
2,SVM,0.8736,Feat_imp_score,3
2,guass_nb,0.8848,Feat_imp_score,3
3,SVM,0.8856,Feat_imp_score,3
3,guass_nb,0.892,Feat_imp_score,3
4,SVM,0.8832,Feat_imp_score,3
4,guass_nb,0.8904,Feat_imp_score,3
5,SVM,0.9056,Feat_imp_score,3
5,guass_nb,0.9112,Feat_imp_score,3
6,SVM,0.9032,Feat_imp_score,3
6,guass_nb,0.9072,Feat_imp_score,3
7,SVM,0.8928,Feat_imp_score,3
7,guass_nb,0.8928,Feat_imp_score,3
8,SVM,0.8872,Feat_imp_score,3
8,guass_nb,0.8944,Feat_imp_score,3
9,SVM,0.9,Feat_imp_score,3
9,guass_nb,0.9008,Feat_imp_score,3
10,SVM,0.888,Feat_imp_score,3
10,guass_nb,0.888,Feat_imp_score,3
11,SVM,0.8816,Feat_imp_score,3
11,guass_nb,0.8904,Feat_imp_score,3
12,SVM,0.8736,Feat_imp_score,3
12,guass_nb,0.8768,Feat_imp_score,3
13,SVM,0.8856,Feat_imp_score,3
13,guass_nb,0.8944,Feat_imp_score,3
14,SVM,0.8824,Feat_imp_score,3
14,guass_nb,0.8864,Feat_imp_score,3
15,SVM,0.884,Feat_imp_score,3
15,guass_nb,0.8936,Feat_imp_score,3
16,SVM,0.8832,Feat_imp_score,3
16,guass_nb,0.888,Feat_imp_score,3
17,SVM,0.8792,Feat_imp_score,3
17,guass_nb,0.8888,Feat_imp_score,3
18,SVM,0.8744,Feat_imp_score,3
18,guass_nb,0.8816,Feat_imp_score,3
19,SVM,0.8912,Feat_imp_score,3
19,guass_nb,0.8984,Feat_imp_score,3
20,SVM,0.8816,Feat_imp_score,3
20,guass_nb,0.8856,Feat_imp_score,3
21,SVM,0.896,Feat_imp_score,3
21,guass_nb,0.896,Feat_imp_score,3
22,SVM,0.88,Feat_imp_score,3
22,guass_nb,0.8872,Feat_imp_score,3
23,SVM,0.8832,Feat_imp_score,3
23,guass_nb,0.896,Feat_imp_score,3
24,SVM,0.8888,Feat_imp_score,3
24,guass_nb,0.8896,Feat_imp_score,3
25,SVM,0.8776,Feat_imp_score,3
25,guass_nb,0.8896,Feat_imp_score,3
26,SVM,0.8792,Feat_imp_score,3
26,guass_nb,0.8856,Feat_imp_score,3
27,SVM,0.876,Feat_imp_score,3
27,guass_nb,0.884,Feat_imp_score,3
28,SVM,0.8856,Feat_imp_score,3
28,guass_nb,0.8992,Feat_imp_score,3
29,SVM,0.8744,Feat_imp_score,3
29,guass_nb,0.8784,Feat_imp_score,3
30,SVM,0.8944,Feat_imp_score,3
30,guass_nb,0.8968,Feat_imp_score,3
31,SVM,0.8864,Feat_imp_score,3
31,guass_nb,0.8904,Feat_imp_score,3
32,SVM,0.8776,Feat_imp_score,3
32,guass_nb,0.8856,Feat_imp_score,3
33,SVM,0.88,Feat_imp_score,3
33,guass_nb,0.8792,Feat_imp_score,3
34,SVM,0.8808,Feat_imp_score,3
34,guass_nb,0.8904,Feat_imp_score,3
35,SVM,0.8664,Feat_imp_score,3
35,guass_nb,0.8792,Feat_imp_score,3
36,SVM,0.8896,Feat_imp_score,3
36,guass_nb,0.8848,Feat_imp_score,3
37,SVM,0.876,Feat_imp_score,3
37,guass_nb,0.8896,Feat_imp_score,3
38,SVM,0.8952,Feat_imp_score,3
38,guass_nb,0.8976,Feat_imp_score,3
39,SVM,0.8936,Feat_imp_score,3
39,guass_nb,0.9032,Feat_imp_score,3
40,SVM,0.8832,Feat_imp_score,3
40,guass_nb,0.888,Feat_imp_score,3
41,SVM,0.8912,Feat_imp_score,3
41,guass_nb,0.8992,Feat_imp_score,3
42,SVM,0.8912,Feat_imp_score,3
42,guass_nb,0.8992,Feat_imp_score,3
43,SVM,0.8808,Feat_imp_score,3
43,guass_nb,0.8904,Feat_imp_score,3
44,SVM,0.8888,Feat_imp_score,3
44,guass_nb,0.8968,Feat_imp_score,3
45,SVM,0.8896,Feat_imp_score,3
45,guass_nb,0.892,Feat_imp_score,3
46,SVM,0.8744,Feat_imp_score,3
46,guass_nb,0.884,Feat_imp_score,3
47,SVM,0.8888,Feat_imp_score,3
47,guass_nb,0.8992,Feat_imp_score,3
48,SVM,0.892,Feat_imp_score,3
48,guass_nb,0.9,Feat_imp_score,3
49,SVM,0.8768,Feat_imp_score,3
49,guass_nb,0.888,Feat_imp_score,3
0,SVM,0.9376,Feat_imp_score,9
0,guass_nb,0.9248,Feat_imp_score,9
1,SVM,0.9272,Feat_imp_score,9
1,guass_nb,0.9208,Feat_imp_score,9
2,SVM,0.9464,Feat_imp_score,9
2,guass_nb,0.9288,Feat_imp_score,9
3,SVM,0.9336,Feat_imp_score,9
3,guass_nb,0.916,Feat_imp_score,9
4,SVM,0.9456,Feat_imp_score,9
4,guass_nb,0.9304,Feat_imp_score,9
5,SVM,0.9248,Feat_imp_score,9
5,guass_nb,0.9208,Feat_imp_score,9
6,SVM,0.9368,Feat_imp_score,9
6,guass_nb,0.928,Feat_imp_score,9
7,SVM,0.9376,Feat_imp_score,9
7,guass_nb,0.9224,Feat_imp_score,9
8,SVM,0.9352,Feat_imp_score,9
8,guass_nb,0.9272,Feat_imp_score,9
9,SVM,0.9416,Feat_imp_score,9
9,guass_nb,0.9232,Feat_imp_score,9
10,SVM,0.9432,Feat_imp_score,9
10,guass_nb,0.9344,Feat_imp_score,9
11,SVM,0.932,Feat_imp_score,9
11,guass_nb,0.9192,Feat_imp_score,9
12,SVM,0.9392,Feat_imp_score,9
12,guass_nb,0.928,Feat_imp_score,9
13,SVM,0.948,Feat_imp_score,9
13,guass_nb,0.9312,Feat_imp_score,9
14,SVM,0.9336,Feat_imp_score,9
14,guass_nb,0.9232,Feat_imp_score,9
15,SVM,0.9352,Feat_imp_score,9
15,guass_nb,0.9216,Feat_imp_score,9
16,SVM,0.9416,Feat_imp_score,9
16,guass_nb,0.924,Feat_imp_score,9
17,SVM,0.9264,Feat_imp_score,9
17,guass_nb,0.916,Feat_imp_score,9
18,SVM,0.936,Feat_imp_score,9
18,guass_nb,0.9184,Feat_imp_score,9
19,SVM,0.9432,Feat_imp_score,9
19,guass_nb,0.9224,Feat_imp_score,9
20,SVM,0.944,Feat_imp_score,9
20,guass_nb,0.9304,Feat_imp_score,9
21,SVM,0.9328,Feat_imp_score,9
21,guass_nb,0.9264,Feat_imp_score,9
22,SVM,0.9256,Feat_imp_score,9
22,guass_nb,0.9208,Feat_imp_score,9
23,SVM,0.9256,Feat_imp_score,9
23,guass_nb,0.912,Feat_imp_score,9
24,SVM,0.9376,Feat_imp_score,9
24,guass_nb,0.9144,Feat_imp_score,9
25,SVM,0.9344,Feat_imp_score,9
25,guass_nb,0.9272,Feat_imp_score,9
26,SVM,0.9248,Feat_imp_score,9
26,guass_nb,0.924,Feat_imp_score,9
27,SVM,0.9352,Feat_imp_score,9
27,guass_nb,0.9272,Feat_imp_score,9
28,SVM,0.9448,Feat_imp_score,9
28,guass_nb,0.936,Feat_imp_score,9
29,SVM,0.944,Feat_imp_score,9
29,guass_nb,0.9328,Feat_imp_score,9
30,SVM,0.9392,Feat_imp_score,9
30,guass_nb,0.9296,Feat_imp_score,9
31,SVM,0.9464,Feat_imp_score,9
31,guass_nb,0.9288,Feat_imp_score,9
32,SVM,0.9496,Feat_imp_score,9
32,guass_nb,0.9416,Feat_imp_score,9
33,SVM,0.9344,Feat_imp_score,9
33,guass_nb,0.9288,Feat_imp_score,9
34,SVM,0.9352,Feat_imp_score,9
34,guass_nb,0.9128,Feat_imp_score,9
35,SVM,0.9376,Feat_imp_score,9
35,guass_nb,0.9216,Feat_imp_score,9
36,SVM,0.936,Feat_imp_score,9
36,guass_nb,0.9216,Feat_imp_score,9
37,SVM,0.9392,Feat_imp_score,9
37,guass_nb,0.9312,Feat_imp_score,9
38,SVM,0.9368,Feat_imp_score,9
38,guass_nb,0.9264,Feat_imp_score,9
39,SVM,0.9368,Feat_imp_score,9
39,guass_nb,0.916,Feat_imp_score,9
40,SVM,0.94,Feat_imp_score,9
40,guass_nb,0.9248,Feat_imp_score,9
41,SVM,0.9304,Feat_imp_score,9
41,guass_nb,0.9208,Feat_imp_score,9
42,SVM,0.9304,Feat_imp_score,9
42,guass_nb,0.9304,Feat_imp_score,9
43,SVM,0.9352,Feat_imp_score,9
43,guass_nb,0.9264,Feat_imp_score,9
44,SVM,0.9384,Feat_imp_score,9
44,guass_nb,0.9248,Feat_imp_score,9
45,SVM,0.9256,Feat_imp_score,9
45,guass_nb,0.9192,Feat_imp_score,9
46,SVM,0.9344,Feat_imp_score,9
46,guass_nb,0.9216,Feat_imp_score,9
47,SVM,0.9432,Feat_imp_score,9
47,guass_nb,0.9224,Feat_imp_score,9
48,SVM,0.936,Feat_imp_score,9
48,guass_nb,0.9288,Feat_imp_score,9
49,SVM,0.9432,Feat_imp_score,9
49,guass_nb,0.92,Feat_imp_score,9
0,SVM,0.88,PCA,1
0,guass_nb,0.8792,PCA,1
1,SVM,0.888,PCA,1
1,guass_nb,0.8824,PCA,1
2,SVM,0.8816,PCA,1
2,guass_nb,0.8776,PCA,1
3,SVM,0.8664,PCA,1
3,guass_nb,0.8672,PCA,1
4,SVM,0.8832,PCA,1
4,guass_nb,0.8824,PCA,1
5,SVM,0.8728,PCA,1
5,guass_nb,0.8696,PCA,1
6,SVM,0.884,PCA,1
6,guass_nb,0.8768,PCA,1
7,SVM,0.8888,PCA,1
7,guass_nb,0.8912,PCA,1
8,SVM,0.8808,PCA,1
8,guass_nb,0.872,PCA,1
9,SVM,0.8816,PCA,1
9,guass_nb,0.8752,PCA,1
10,SVM,0.8832,PCA,1
10,guass_nb,0.8816,PCA,1
11,SVM,0.884,PCA,1
11,guass_nb,0.8808,PCA,1
12,SVM,0.892,PCA,1
12,guass_nb,0.8888,PCA,1
13,SVM,0.8912,PCA,1
13,guass_nb,0.8856,PCA,1
14,SVM,0.8864,PCA,1
14,guass_nb,0.88,PCA,1
15,SVM,0.888,PCA,1
15,guass_nb,0.8856,PCA,1
16,SVM,0.8776,PCA,1
16,guass_nb,0.8752,PCA,1
17,SVM,0.8904,PCA,1
17,guass_nb,0.8808,PCA,1
18,SVM,0.8872,PCA,1
18,guass_nb,0.8864,PCA,1
19,SVM,0.8864,PCA,1
19,guass_nb,0.884,PCA,1
20,SVM,0.8824,PCA,1
20,guass_nb,0.8808,PCA,1
21,SVM,0.8856,PCA,1
21,guass_nb,0.8816,PCA,1
22,SVM,0.8784,PCA,1
22,guass_nb,0.8744,PCA,1
23,SVM,0.8712,PCA,1
23,guass_nb,0.8648,PCA,1
24,SVM,0.8712,PCA,1
24,guass_nb,0.8784,PCA,1
25,SVM,0.8752,PCA,1
25,guass_nb,0.8728,PCA,1
26,SVM,0.8856,PCA,1
26,guass_nb,0.8792,PCA,1
27,SVM,0.8768,PCA,1
27,guass_nb,0.8744,PCA,1
28,SVM,0.8816,PCA,1
28,guass_nb,0.876,PCA,1
29,SVM,0.868,PCA,1
29,guass_nb,0.864,PCA,1
30,SVM,0.8952,PCA,1
30,guass_nb,0.892,PCA,1
31,SVM,0.88,PCA,1
31,guass_nb,0.88,PCA,1
32,SVM,0.888,PCA,1
32,guass_nb,0.8888,PCA,1
33,SVM,0.8712,PCA,1
33,guass_nb,0.8696,PCA,1
34,SVM,0.888,PCA,1
34,guass_nb,0.8864,PCA,1
35,SVM,0.8776,PCA,1
35,guass_nb,0.876,PCA,1
36,SVM,0.8952,PCA,1
36,guass_nb,0.8864,PCA,1
37,SVM,0.8808,PCA,1
37,guass_nb,0.8808,PCA,1
38,SVM,0.8704,PCA,1
38,guass_nb,0.8672,PCA,1
39,SVM,0.8904,PCA,1
39,guass_nb,0.8904,PCA,1
40,SVM,0.8792,PCA,1
40,guass_nb,0.8752,PCA,1
41,SVM,0.888,PCA,1
41,guass_nb,0.8808,PCA,1
42,SVM,0.8712,PCA,1
42,guass_nb,0.8632,PCA,1
43,SVM,0.8752,PCA,1
43,guass_nb,0.8728,PCA,1
44,SVM,0.8784,PCA,1
44,guass_nb,0.8752,PCA,1
45,SVM,0.8848,PCA,1
45,guass_nb,0.8808,PCA,1
46,SVM,0.8808,PCA,1
46,guass_nb,0.88,PCA,1
47,SVM,0.8848,PCA,1
47,guass_nb,0.8792,PCA,1
48,SVM,0.8912,PCA,1
48,guass_nb,0.8848,PCA,1
49,SVM,0.8888,PCA,1
49,guass_nb,0.8824,PCA,1
0,SVM,0.9152,PCA,2
0,guass_nb,0.8784,PCA,2
1,SVM,0.9064,PCA,2
1,guass_nb,0.8632,PCA,2
2,SVM,0.92,PCA,2
2,guass_nb,0.8752,PCA,2
3,SVM,0.9104,PCA,2
3,guass_nb,0.8672,PCA,2
4,SVM,0.92,PCA,2
4,guass_nb,0.876,PCA,2
5,SVM,0.9216,PCA,2
5,guass_nb,0.872,PCA,2
6,SVM,0.9192,PCA,2
6,guass_nb,0.8752,PCA,2
7,SVM,0.908,PCA,2
7,guass_nb,0.86,PCA,2
8,SVM,0.9064,PCA,2
8,guass_nb,0.8712,PCA,2
9,SVM,0.9128,PCA,2
9,guass_nb,0.872,PCA,2
10,SVM,0.916,PCA,2
10,guass_nb,0.864,PCA,2
11,SVM,0.9152,PCA,2
11,guass_nb,0.8664,PCA,2
12,SVM,0.9168,PCA,2
12,guass_nb,0.868,PCA,2
13,SVM,0.9232,PCA,2
13,guass_nb,0.8792,PCA,2
14,SVM,0.912,PCA,2
14,guass_nb,0.8736,PCA,2
15,SVM,0.9048,PCA,2
15,guass_nb,0.8656,PCA,2
16,SVM,0.912,PCA,2
16,guass_nb,0.8752,PCA,2
17,SVM,0.9232,PCA,2
17,guass_nb,0.8888,PCA,2
18,SVM,0.9152,PCA,2
18,guass_nb,0.8664,PCA,2
19,SVM,0.9088,PCA,2
19,guass_nb,0.864,PCA,2
20,SVM,0.9056,PCA,2
20,guass_nb,0.8464,PCA,2
21,SVM,0.9096,PCA,2
21,guass_nb,0.8704,PCA,2
22,SVM,0.9152,PCA,2
22,guass_nb,0.8776,PCA,2
23,SVM,0.908,PCA,2
23,guass_nb,0.856,PCA,2
24,SVM,0.9184,PCA,2
24,guass_nb,0.864,PCA,2
25,SVM,0.9192,PCA,2
25,guass_nb,0.8824,PCA,2
26,SVM,0.9208,PCA,2
26,guass_nb,0.8728,PCA,2
27,SVM,0.8984,PCA,2
27,guass_nb,0.8512,PCA,2
28,SVM,0.9088,PCA,2
28,guass_nb,0.8728,PCA,2
29,SVM,0.9192,PCA,2
29,guass_nb,0.8816,PCA,2
30,SVM,0.916,PCA,2
30,guass_nb,0.8744,PCA,2
31,SVM,0.9104,PCA,2
31,guass_nb,0.8656,PCA,2
32,SVM,0.9152,PCA,2
32,guass_nb,0.8728,PCA,2
33,SVM,0.9136,PCA,2
33,guass_nb,0.8688,PCA,2
34,SVM,0.9288,PCA,2
34,guass_nb,0.8776,PCA,2
35,SVM,0.9248,PCA,2
35,guass_nb,0.868,PCA,2
36,SVM,0.9144,PCA,2
36,guass_nb,0.8616,PCA,2
37,SVM,0.9152,PCA,2
37,guass_nb,0.8688,PCA,2
38,SVM,0.9128,PCA,2
38,guass_nb,0.8664,PCA,2
39,SVM,0.9032,PCA,2
39,guass_nb,0.8528,PCA,2
40,SVM,0.9272,PCA,2
40,guass_nb,0.8816,PCA,2
41,SVM,0.9144,PCA,2
41,guass_nb,0.868,PCA,2
42,SVM,0.9136,PCA,2
42,guass_nb,0.8704,PCA,2
43,SVM,0.8976,PCA,2
43,guass_nb,0.8512,PCA,2
44,SVM,0.9096,PCA,2
44,guass_nb,0.88,PCA,2
45,SVM,0.9136,PCA,2
45,guass_nb,0.8704,PCA,2
46,SVM,0.9168,PCA,2
46,guass_nb,0.8648,PCA,2
47,SVM,0.9152,PCA,2
47,guass_nb,0.864,PCA,2
48,SVM,0.932,PCA,2
48,guass_nb,0.88,PCA,2
49,SVM,0.9096,PCA,2
49,guass_nb,0.8544,PCA,2
0,SVM,0.9144,PCA,3
0,guass_nb,0.8728,PCA,3
1,SVM,0.916,PCA,3
1,guass_nb,0.8736,PCA,3
2,SVM,0.908,PCA,3
2,guass_nb,0.8624,PCA,3
3,SVM,0.9112,PCA,3
3,guass_nb,0.864,PCA,3
4,SVM,0.9248,PCA,3
4,guass_nb,0.88,PCA,3
5,SVM,0.9168,PCA,3
5,guass_nb,0.868,PCA,3
6,SVM,0.9144,PCA,3
6,guass_nb,0.8712,PCA,3
7,SVM,0.9128,PCA,3
7,guass_nb,0.8616,PCA,3
8,SVM,0.9112,PCA,3
8,guass_nb,0.864,PCA,3
9,SVM,0.92,PCA,3
9,guass_nb,0.8696,PCA,3
10,SVM,0.9208,PCA,3
10,guass_nb,0.8712,PCA,3
11,SVM,0.9096,PCA,3
11,guass_nb,0.8672,PCA,3
12,SVM,0.9168,PCA,3
12,guass_nb,0.8616,PCA,3
13,SVM,0.9128,PCA,3
13,guass_nb,0.8656,PCA,3
14,SVM,0.9272,PCA,3
14,guass_nb,0.8704,PCA,3
15,SVM,0.9168,PCA,3
15,guass_nb,0.8608,PCA,3
16,SVM,0.9248,PCA,3
16,guass_nb,0.8816,PCA,3
17,SVM,0.9264,PCA,3
17,guass_nb,0.8704,PCA,3
18,SVM,0.9088,PCA,3
18,guass_nb,0.8632,PCA,3
19,SVM,0.9144,PCA,3
19,guass_nb,0.8672,PCA,3
20,SVM,0.9184,PCA,3
20,guass_nb,0.8808,PCA,3
21,SVM,0.9136,PCA,3
21,guass_nb,0.8784,PCA,3
22,SVM,0.9056,PCA,3
22,guass_nb,0.8728,PCA,3
23,SVM,0.912,PCA,3
23,guass_nb,0.864,PCA,3
24,SVM,0.9176,PCA,3
24,guass_nb,0.8568,PCA,3
25,SVM,0.9184,PCA,3
25,guass_nb,0.8744,PCA,3
26,SVM,0.928,PCA,3
26,guass_nb,0.884,PCA,3
27,SVM,0.908,PCA,3
27,guass_nb,0.8792,PCA,3
28,SVM,0.9208,PCA,3
28,guass_nb,0.8784,PCA,3
29,SVM,0.9088,PCA,3
29,guass_nb,0.8664,PCA,3
30,SVM,0.9248,PCA,3
30,guass_nb,0.8736,PCA,3
31,SVM,0.9088,PCA,3
31,guass_nb,0.8776,PCA,3
32,SVM,0.916,PCA,3
32,guass_nb,0.8752,PCA,3
33,SVM,0.9224,PCA,3
33,guass_nb,0.8736,PCA,3
34,SVM,0.92,PCA,3
34,guass_nb,0.8784,PCA,3
35,SVM,0.916,PCA,3
35,guass_nb,0.8664,PCA,3
36,SVM,0.9168,PCA,3
36,guass_nb,0.8688,PCA,3
37,SVM,0.9112,PCA,3
37,guass_nb,0.8696,PCA,3
38,SVM,0.9304,PCA,3
38,guass_nb,0.876,PCA,3
39,SVM,0.9192,PCA,3
39,guass_nb,0.8696,PCA,3
40,SVM,0.92,PCA,3
40,guass_nb,0.8712,PCA,3
41,SVM,0.9264,PCA,3
41,guass_nb,0.8856,PCA,3
42,SVM,0.912,PCA,3
42,guass_nb,0.864,PCA,3
43,SVM,0.9192,PCA,3
43,guass_nb,0.876,PCA,3
44,SVM,0.9208,PCA,3
44,guass_nb,0.8664,PCA,3
45,SVM,0.9008,PCA,3
45,guass_nb,0.856,PCA,3
46,SVM,0.9016,PCA,3
46,guass_nb,0.8616,PCA,3
47,SVM,0.9032,PCA,3
47,guass_nb,0.848,PCA,3
48,SVM,0.9216,PCA,3
48,guass_nb,0.8736,PCA,3
49,SVM,0.9072,PCA,3
49,guass_nb,0.8664,PCA,3
0,SVM,0.944,PCA,9
0,guass_nb,0.9296,PCA,9
1,SVM,0.9472,PCA,9
1,guass_nb,0.9264,PCA,9
2,SVM,0.944,PCA,9
2,guass_nb,0.932,PCA,9
3,SVM,0.9408,PCA,9
3,guass_nb,0.9376,PCA,9
4,SVM,0.9296,PCA,9
4,guass_nb,0.9112,PCA,9
5,SVM,0.9488,PCA,9
5,guass_nb,0.936,PCA,9
6,SVM,0.9328,PCA,9
6,guass_nb,0.9232,PCA,9
7,SVM,0.9352,PCA,9
7,guass_nb,0.9232,PCA,9
8,SVM,0.9456,PCA,9
8,guass_nb,0.9304,PCA,9
9,SVM,0.9304,PCA,9
9,guass_nb,0.9072,PCA,9
10,SVM,0.9288,PCA,9
10,guass_nb,0.9176,PCA,9
11,SVM,0.9408,PCA,9
11,guass_nb,0.9216,PCA,9
12,SVM,0.9368,PCA,9
12,guass_nb,0.936,PCA,9
13,SVM,0.9344,PCA,9
13,guass_nb,0.9288,PCA,9
14,SVM,0.9328,PCA,9
14,guass_nb,0.9184,PCA,9
15,SVM,0.9312,PCA,9
15,guass_nb,0.9152,PCA,9
16,SVM,0.94,PCA,9
16,guass_nb,0.9216,PCA,9
17,SVM,0.9416,PCA,9
17,guass_nb,0.932,PCA,9
18,SVM,0.936,PCA,9
18,guass_nb,0.9304,PCA,9
19,SVM,0.9392,PCA,9
19,guass_nb,0.9256,PCA,9
20,SVM,0.94,PCA,9
20,guass_nb,0.9312,PCA,9
21,SVM,0.928,PCA,9
21,guass_nb,0.9152,PCA,9
22,SVM,0.9264,PCA,9
22,guass_nb,0.9176,PCA,9
23,SVM,0.936,PCA,9
23,guass_nb,0.9272,PCA,9
24,SVM,0.9408,PCA,9
24,guass_nb,0.9344,PCA,9
25,SVM,0.9392,PCA,9
25,guass_nb,0.9248,PCA,9
26,SVM,0.94,PCA,9
26,guass_nb,0.9248,PCA,9
27,SVM,0.9328,PCA,9
27,guass_nb,0.9256,PCA,9
28,SVM,0.9336,PCA,9
28,guass_nb,0.9208,PCA,9
29,SVM,0.9432,PCA,9
29,guass_nb,0.932,PCA,9
30,SVM,0.928,PCA,9
30,guass_nb,0.9256,PCA,9
31,SVM,0.9344,PCA,9
31,guass_nb,0.9216,PCA,9
32,SVM,0.9376,PCA,9
32,guass_nb,0.928,PCA,9
33,SVM,0.9264,PCA,9
33,guass_nb,0.9232,PCA,9
34,SVM,0.9368,PCA,9
34,guass_nb,0.9272,PCA,9
35,SVM,0.9344,PCA,9
35,guass_nb,0.924,PCA,9
36,SVM,0.9456,PCA,9
36,guass_nb,0.9296,PCA,9
37,SVM,0.9368,PCA,9
37,guass_nb,0.9336,PCA,9
38,SVM,0.9312,PCA,9
38,guass_nb,0.9288,PCA,9
39,SVM,0.94,PCA,9
39,guass_nb,0.9272,PCA,9
40,SVM,0.9376,PCA,9
40,guass_nb,0.9256,PCA,9
41,SVM,0.9328,PCA,9
41,guass_nb,0.924,PCA,9
42,SVM,0.9336,PCA,9
42,guass_nb,0.9272,PCA,9
43,SVM,0.94,PCA,9
43,guass_nb,0.9264,PCA,9
44,SVM,0.94,PCA,9
44,guass_nb,0.9248,PCA,9
45,SVM,0.9392,PCA,9
45,guass_nb,0.9312,PCA,9
46,SVM,0.9456,PCA,9
46,guass_nb,0.948,PCA,9
47,SVM,0.9296,PCA,9
47,guass_nb,0.9208,PCA,9
48,SVM,0.9368,PCA,9
48,guass_nb,0.9264,PCA,9
49,SVM,0.9328,PCA,9
49,guass_nb,0.9304,PCA,9
0,SVM,0.9504,LDA,1
0,guass_nb,0.948,LDA,1
1,SVM,0.9472,LDA,1
1,guass_nb,0.9472,LDA,1
2,SVM,0.9368,LDA,1
2,guass_nb,0.9336,LDA,1
3,SVM,0.9456,LDA,1
3,guass_nb,0.9432,LDA,1
4,SVM,0.944,LDA,1
4,guass_nb,0.9424,LDA,1
5,SVM,0.9392,LDA,1
5,guass_nb,0.94,LDA,1
6,SVM,0.9384,LDA,1
6,guass_nb,0.9384,LDA,1
7,SVM,0.9336,LDA,1
7,guass_nb,0.9312,LDA,1
8,SVM,0.9432,LDA,1
8,guass_nb,0.9456,LDA,1
9,SVM,0.9464,LDA,1
9,guass_nb,0.9448,LDA,1
10,SVM,0.9368,LDA,1
10,guass_nb,0.9368,LDA,1
11,SVM,0.9424,LDA,1
11,guass_nb,0.9432,LDA,1
12,SVM,0.9488,LDA,1
12,guass_nb,0.9488,LDA,1
13,SVM,0.9528,LDA,1
13,guass_nb,0.9512,LDA,1
14,SVM,0.9456,LDA,1
14,guass_nb,0.9424,LDA,1
15,SVM,0.9536,LDA,1
15,guass_nb,0.9528,LDA,1
16,SVM,0.9472,LDA,1
16,guass_nb,0.9504,LDA,1
17,SVM,0.9448,LDA,1
17,guass_nb,0.9456,LDA,1
18,SVM,0.9384,LDA,1
18,guass_nb,0.9392,LDA,1
19,SVM,0.9424,LDA,1
19,guass_nb,0.9432,LDA,1
20,SVM,0.9424,LDA,1
20,guass_nb,0.9432,LDA,1
21,SVM,0.9496,LDA,1
21,guass_nb,0.9496,LDA,1
22,SVM,0.9544,LDA,1
22,guass_nb,0.9536,LDA,1
23,SVM,0.9472,LDA,1
23,guass_nb,0.9456,LDA,1
24,SVM,0.9512,LDA,1
24,guass_nb,0.9496,LDA,1
25,SVM,0.9432,LDA,1
25,guass_nb,0.9424,LDA,1
26,SVM,0.9472,LDA,1
26,guass_nb,0.944,LDA,1
27,SVM,0.9488,LDA,1
27,guass_nb,0.948,LDA,1
28,SVM,0.9392,LDA,1
28,guass_nb,0.9408,LDA,1
29,SVM,0.9552,LDA,1
29,guass_nb,0.9536,LDA,1
30,SVM,0.948,LDA,1
30,guass_nb,0.9504,LDA,1
31,SVM,0.9416,LDA,1
31,guass_nb,0.94,LDA,1
32,SVM,0.9544,LDA,1
32,guass_nb,0.9536,LDA,1
33,SVM,0.9304,LDA,1
33,guass_nb,0.9304,LDA,1
34,SVM,0.9448,LDA,1
34,guass_nb,0.9456,LDA,1
35,SVM,0.9544,LDA,1
35,guass_nb,0.9536,LDA,1
36,SVM,0.9376,LDA,1
36,guass_nb,0.9376,LDA,1
37,SVM,0.9368,LDA,1
37,guass_nb,0.9384,LDA,1
38,SVM,0.936,LDA,1
38,guass_nb,0.9336,LDA,1
39,SVM,0.9504,LDA,1
39,guass_nb,0.9512,LDA,1
40,SVM,0.936,LDA,1
40,guass_nb,0.9368,LDA,1
41,SVM,0.9472,LDA,1
41,guass_nb,0.9456,LDA,1
42,SVM,0.9352,LDA,1
42,guass_nb,0.9352,LDA,1
43,SVM,0.9344,LDA,1
43,guass_nb,0.9344,LDA,1
44,SVM,0.9392,LDA,1
44,guass_nb,0.94,LDA,1
45,SVM,0.9416,LDA,1
45,guass_nb,0.94,LDA,1
46,SVM,0.9408,LDA,1
46,guass_nb,0.9408,LDA,1
47,SVM,0.9336,LDA,1
47,guass_nb,0.9312,LDA,1
48,SVM,0.9392,LDA,1
48,guass_nb,0.94,LDA,1
49,SVM,0.9616,LDA,1
49,guass_nb,0.9608,LDA,1
0,SVM,0.9448,LDA,2
0,guass_nb,0.94,LDA,2
1,SVM,0.9384,LDA,2
1,guass_nb,0.9368,LDA,2
2,SVM,0.9536,LDA,2
2,guass_nb,0.9456,LDA,2
3,SVM,0.9336,LDA,2
3,guass_nb,0.9288,LDA,2
4,SVM,0.9472,LDA,2
4,guass_nb,0.9472,LDA,2
5,SVM,0.9392,LDA,2
5,guass_nb,0.9392,LDA,2
6,SVM,0.9472,LDA,2
6,guass_nb,0.944,LDA,2
7,SVM,0.9408,LDA,2
7,guass_nb,0.9352,LDA,2
8,SVM,0.936,LDA,2
8,guass_nb,0.936,LDA,2
9,SVM,0.9472,LDA,2
9,guass_nb,0.9408,LDA,2
10,SVM,0.94,LDA,2
10,guass_nb,0.936,LDA,2
11,SVM,0.9424,LDA,2
11,guass_nb,0.9448,LDA,2
12,SVM,0.9416,LDA,2
12,guass_nb,0.9376,LDA,2
13,SVM,0.9328,LDA,2
13,guass_nb,0.9296,LDA,2
14,SVM,0.9384,LDA,2
14,guass_nb,0.936,LDA,2
15,SVM,0.9352,LDA,2
15,guass_nb,0.936,LDA,2
16,SVM,0.944,LDA,2
16,guass_nb,0.9384,LDA,2
17,SVM,0.9376,LDA,2
17,guass_nb,0.936,LDA,2
18,SVM,0.948,LDA,2
18,guass_nb,0.9464,LDA,2
19,SVM,0.9464,LDA,2
19,guass_nb,0.9448,LDA,2
20,SVM,0.9416,LDA,2
20,guass_nb,0.9336,LDA,2
21,SVM,0.9464,LDA,2
21,guass_nb,0.9488,LDA,2
22,SVM,0.9384,LDA,2
22,guass_nb,0.9352,LDA,2
23,SVM,0.9392,LDA,2
23,guass_nb,0.9336,LDA,2
24,SVM,0.9336,LDA,2
24,guass_nb,0.9352,LDA,2
25,SVM,0.9304,LDA,2
25,guass_nb,0.9232,LDA,2
26,SVM,0.9376,LDA,2
26,guass_nb,0.932,LDA,2
27,SVM,0.9376,LDA,2
27,guass_nb,0.9336,LDA,2
28,SVM,0.9296,LDA,2
28,guass_nb,0.9296,LDA,2
29,SVM,0.9368,LDA,2
29,guass_nb,0.9368,LDA,2
30,SVM,0.9496,LDA,2
30,guass_nb,0.944,LDA,2
31,SVM,0.9368,LDA,2
31,guass_nb,0.9312,LDA,2
32,SVM,0.9512,LDA,2
32,guass_nb,0.9432,LDA,2
33,SVM,0.952,LDA,2
33,guass_nb,0.944,LDA,2
34,SVM,0.944,LDA,2
34,guass_nb,0.936,LDA,2
35,SVM,0.9552,LDA,2
35,guass_nb,0.9464,LDA,2
36,SVM,0.9424,LDA,2
36,guass_nb,0.936,LDA,2
37,SVM,0.944,LDA,2
37,guass_nb,0.9408,LDA,2
38,SVM,0.9448,LDA,2
38,guass_nb,0.936,LDA,2
39,SVM,0.9464,LDA,2
39,guass_nb,0.9456,LDA,2
40,SVM,0.9368,LDA,2
40,guass_nb,0.9336,LDA,2
41,SVM,0.9392,LDA,2
41,guass_nb,0.9376,LDA,2
42,SVM,0.944,LDA,2
42,guass_nb,0.9408,LDA,2
43,SVM,0.9376,LDA,2
43,guass_nb,0.9368,LDA,2
44,SVM,0.952,LDA,2
44,guass_nb,0.944,LDA,2
45,SVM,0.9432,LDA,2
45,guass_nb,0.9392,LDA,2
46,SVM,0.9328,LDA,2
46,guass_nb,0.9328,LDA,2
47,SVM,0.9392,LDA,2
47,guass_nb,0.94,LDA,2
48,SVM,0.9368,LDA,2
48,guass_nb,0.9328,LDA,2
49,SVM,0.9448,LDA,2
49,guass_nb,0.9456,LDA,2
0,SVM,0.948,LDA,3
0,guass_nb,0.94,LDA,3
1,SVM,0.9512,LDA,3
1,guass_nb,0.9432,LDA,3
2,SVM,0.9392,LDA,3
2,guass_nb,0.9336,LDA,3
3,SVM,0.9464,LDA,3
3,guass_nb,0.9432,LDA,3
4,SVM,0.944,LDA,3
4,guass_nb,0.9368,LDA,3
5,SVM,0.9568,LDA,3
5,guass_nb,0.9488,LDA,3
6,SVM,0.9416,LDA,3
6,guass_nb,0.9312,LDA,3
7,SVM,0.9432,LDA,3
7,guass_nb,0.944,LDA,3
8,SVM,0.9464,LDA,3
8,guass_nb,0.944,LDA,3
9,SVM,0.9424,LDA,3
9,guass_nb,0.9416,LDA,3
10,SVM,0.9448,LDA,3
10,guass_nb,0.9408,LDA,3
11,SVM,0.9344,LDA,3
11,guass_nb,0.9352,LDA,3
12,SVM,0.9424,LDA,3
12,guass_nb,0.9376,LDA,3
13,SVM,0.9392,LDA,3
13,guass_nb,0.936,LDA,3
14,SVM,0.94,LDA,3
14,guass_nb,0.9328,LDA,3
15,SVM,0.936,LDA,3
15,guass_nb,0.9344,LDA,3
16,SVM,0.9456,LDA,3
16,guass_nb,0.94,LDA,3
17,SVM,0.9448,LDA,3
17,guass_nb,0.94,LDA,3
18,SVM,0.9432,LDA,3
18,guass_nb,0.9384,LDA,3
19,SVM,0.9432,LDA,3
19,guass_nb,0.9328,LDA,3
20,SVM,0.9576,LDA,3
20,guass_nb,0.9496,LDA,3
21,SVM,0.9312,LDA,3
21,guass_nb,0.9328,LDA,3
22,SVM,0.9472,LDA,3
22,guass_nb,0.9496,LDA,3
23,SVM,0.9352,LDA,3
23,guass_nb,0.9352,LDA,3
24,SVM,0.9384,LDA,3
24,guass_nb,0.9368,LDA,3
25,SVM,0.9456,LDA,3
25,guass_nb,0.944,LDA,3
26,SVM,0.9344,LDA,3
26,guass_nb,0.9352,LDA,3
27,SVM,0.9336,LDA,3
27,guass_nb,0.9328,LDA,3
28,SVM,0.944,LDA,3
28,guass_nb,0.9416,LDA,3
29,SVM,0.9336,LDA,3
29,guass_nb,0.9336,LDA,3
30,SVM,0.9536,LDA,3
30,guass_nb,0.9512,LDA,3
31,SVM,0.9424,LDA,3
31,guass_nb,0.9336,LDA,3
32,SVM,0.9408,LDA,3
32,guass_nb,0.9472,LDA,3
33,SVM,0.9328,LDA,3
33,guass_nb,0.9288,LDA,3
34,SVM,0.948,LDA,3
34,guass_nb,0.9408,LDA,3
35,SVM,0.9448,LDA,3
35,guass_nb,0.9432,LDA,3
36,SVM,0.9472,LDA,3
36,guass_nb,0.9448,LDA,3
37,SVM,0.944,LDA,3
37,guass_nb,0.9384,LDA,3
38,SVM,0.9392,LDA,3
38,guass_nb,0.9344,LDA,3
39,SVM,0.9376,LDA,3
39,guass_nb,0.9288,LDA,3
40,SVM,0.932,LDA,3
40,guass_nb,0.9352,LDA,3
41,SVM,0.9424,LDA,3
41,guass_nb,0.9384,LDA,3
42,SVM,0.9464,LDA,3
42,guass_nb,0.9376,LDA,3
43,SVM,0.9392,LDA,3
43,guass_nb,0.9336,LDA,3
44,SVM,0.94,LDA,3
44,guass_nb,0.936,LDA,3
45,SVM,0.9416,LDA,3
45,guass_nb,0.9352,LDA,3
46,SVM,0.9392,LDA,3
46,guass_nb,0.9368,LDA,3
47,SVM,0.9408,LDA,3
47,guass_nb,0.9352,LDA,3
48,SVM,0.9432,LDA,3
48,guass_nb,0.9376,LDA,3
49,SVM,0.9544,LDA,3
49,guass_nb,0.9456,LDA,3
0,SVM,0.9384,LDA,9
0,guass_nb,0.9352,LDA,9
1,SVM,0.9352,LDA,9
1,guass_nb,0.9224,LDA,9
2,SVM,0.932,LDA,9
2,guass_nb,0.9192,LDA,9
3,SVM,0.9488,LDA,9
3,guass_nb,0.9384,LDA,9
4,SVM,0.9304,LDA,9
4,guass_nb,0.9168,LDA,9
5,SVM,0.9448,LDA,9
5,guass_nb,0.9336,LDA,9
6,SVM,0.9424,LDA,9
6,guass_nb,0.924,LDA,9
7,SVM,0.9448,LDA,9
7,guass_nb,0.9368,LDA,9
8,SVM,0.944,LDA,9
8,guass_nb,0.936,LDA,9
9,SVM,0.9384,LDA,9
9,guass_nb,0.9296,LDA,9
10,SVM,0.9336,LDA,9
10,guass_nb,0.928,LDA,9
11,SVM,0.9456,LDA,9
11,guass_nb,0.932,LDA,9
12,SVM,0.9248,LDA,9
12,guass_nb,0.9192,LDA,9
13,SVM,0.9392,LDA,9
13,guass_nb,0.928,LDA,9
14,SVM,0.928,LDA,9
14,guass_nb,0.916,LDA,9
15,SVM,0.9376,LDA,9
15,guass_nb,0.9208,LDA,9
16,SVM,0.932,LDA,9
16,guass_nb,0.928,LDA,9
17,SVM,0.9424,LDA,9
17,guass_nb,0.9272,LDA,9
18,SVM,0.9392,LDA,9
18,guass_nb,0.912,LDA,9
19,SVM,0.9368,LDA,9
19,guass_nb,0.924,LDA,9
20,SVM,0.9408,LDA,9
20,guass_nb,0.9248,LDA,9
21,SVM,0.932,LDA,9
21,guass_nb,0.9248,LDA,9
22,SVM,0.9384,LDA,9
22,guass_nb,0.9296,LDA,9
23,SVM,0.9432,LDA,9
23,guass_nb,0.9344,LDA,9
24,SVM,0.9416,LDA,9
24,guass_nb,0.9184,LDA,9
25,SVM,0.9328,LDA,9
25,guass_nb,0.9192,LDA,9
26,SVM,0.9448,LDA,9
26,guass_nb,0.9328,LDA,9
27,SVM,0.9256,LDA,9
27,guass_nb,0.924,LDA,9
28,SVM,0.9424,LDA,9
28,guass_nb,0.9272,LDA,9
29,SVM,0.9336,LDA,9
29,guass_nb,0.9248,LDA,9
30,SVM,0.944,LDA,9
30,guass_nb,0.9344,LDA,9
31,SVM,0.9304,LDA,9
31,guass_nb,0.9256,LDA,9
32,SVM,0.9432,LDA,9
32,guass_nb,0.928,LDA,9
33,SVM,0.9368,LDA,9
33,guass_nb,0.9312,LDA,9
34,SVM,0.9216,LDA,9
34,guass_nb,0.9176,LDA,9
35,SVM,0.9456,LDA,9
35,guass_nb,0.9336,LDA,9
36,SVM,0.936,LDA,9
36,guass_nb,0.9264,LDA,9
37,SVM,0.9344,LDA,9
37,guass_nb,0.9224,LDA,9
38,SVM,0.9424,LDA,9
38,guass_nb,0.924,LDA,9
39,SVM,0.9344,LDA,9
39,guass_nb,0.928,LDA,9
40,SVM,0.932,LDA,9
40,guass_nb,0.9216,LDA,9
41,SVM,0.928,LDA,9
41,guass_nb,0.9128,LDA,9
42,SVM,0.936,LDA,9
42,guass_nb,0.9296,LDA,9
43,SVM,0.9264,LDA,9
43,guass_nb,0.916,LDA,9
44,SVM,0.9376,LDA,9
44,guass_nb,0.9272,LDA,9
45,SVM,0.944,LDA,9
45,guass_nb,0.928,LDA,9
46,SVM,0.9296,LDA,9
46,guass_nb,0.9216,LDA,9
47,SVM,0.9376,LDA,9
47,guass_nb,0.9256,LDA,9
48,SVM,0.9384,LDA,9
48,guass_nb,0.928,LDA,9
49,SVM,0.9464,LDA,9
49,guass_nb,0.9304,LDA,9
